myth male power,147
power patriarchy dominance,17
patriarchy dominance sexism,17
war hero war,17
hero war slave,17
war slave armed,16
slave armed prostitute,16
dominance sexism actually,15
sexism actually code,15
actually code words,15
stage stage ii,14
world war ii,14
women kill much,13
kill much courts,13
much courts free,13
successful men freed,12
men freed women,12
women live longer,11
stage ii successful,10
ii successful men,10
work full time,10
battered woman syndrome,9
likely commit suicide,9
sexual harassment legislation,9
death professions body,8
professions body choice,8
suicide sex men,8
sex men power,8
hours per week,8
male power really,7
power really myth,7
really myth first,7
myth first glance,7
government substitute husband,7
system protects women,7
new york times,7
men commit suicide,7
relationship language training,7
stage ii journey,7
much saving males,6
saving males saving,6
work outside home,6
william kennedy smith,6
mans got ta,6
three times likely,6
civil rights movement,6
two hours sexual,6
hours sexual pleasure,6
office mens health,6
battered man syndrome,6
equal rights responsibilities,6
males saving whales,5
stage ii goals,5
control ones life,5
gender transition movement,5
male midlife crisis,5
stage ii family,5
stage ii relationship,5
maleonly draft registration,5
posttraumatic stress disorder,5
fifteen major causes,5
major causes death,5
innocent woman defense,5
laws date rape,5
introduction british edition,4
freed women forgot,4
women forgot free,4
code words male,4
cared much saving,4
1 work full,4
us air force,4
air force study,4
new york city,4
rape date rape,4
movement gender transition,4
seven years longer,4
almost 100 percent,4
blacks likely whites,4
men likely women,4
times likely women,4
stage ii standards,4
national organization women,4
almost 50 percent,4
full time option,4
making killing wall,4
killing wall street,4
man one wife,4
fifteen leading causes,4
leading causes death,4
item united states,4
women almost always,4
required enter combat,4
guarantee equal protection,4
new england journal,4
england journal medicine,4
boys suicide rate,4
female depression equivalent,4
depression equivalent male,4
research womens health,4
mens health could,4
